Date,Player,Club Type,Club Speed,Attack Angle,Club Path,Club Face,Face to Path,Ball Speed,Smash Factor,Launch Angle,Launch Direction,Backspin,Sidespin,Spin Rate,Spin Rate Type,Spin Axis,Apex Height,Carry Distance,Carry Deviation Angle,Carry Deviation Distance,Total Distance,Total Deviation Angle,Total Deviation Distance,Note,Tag,Air Density,Temperature,Air Pressure,Relative Humidity,Backswing Time,Downswing Time
,,,[mph],[deg],[deg],[deg],[deg],[mph],,[deg],[deg],[rpm],[rpm],[rpm],,[deg],[yds],[yds],[deg],[yds],[yds],[deg],[yds],,,[g/L],[deg C],[kPa],[%],[sec],[sec]
04/14/26 15:08:04 PM,Forrest,7 Iron,75.38751337,-0.857718468,2.650875568,6.662239075,4.011363506,96.18869027,1.275923372,14.56894112,5.804210663,6912.709659,1066.531331,6994.500977,Estimated,8.770754814,15.12549142,123.1000385,2.313760996,4.969719069,134.6196462,2.038360596,4.788204315,,,1.133081436,27.77777863,98.65278625,55,932,187
04/14/26 15:08:28 PM,Forrest,7 Iron,74.35167251,-0.492123842,-1.483409882,9.442044258,10.92545414,100.8742214,1.356717582,20.29586983,7.570295334,5434.845398,-1369.154264,5604.652344,Measured,-14.13981247,23.88426259,138.7799546,13.53908062,32.48956554,149.3390206,13.89555168,35.86417272,,,1.133081436,27.77777863,98.65278625,55,976,181
04/14/26 15:08:59 PM,Forrest,7 Iron,72.96508155,0.585668623,-2.879864454,-0.854937673,2.024926782,82.53666621,1.131180346,16.82205772,-1.062613964,1219.969459,538.588397,1333.567749,Estimated,23.82035255,7.974360067,91.50468289,-3.943722248,-6.29340336,139.0613679,-4.913784027,-11.91152901,,,1.133081436,27.77777863,98.65278625,55,982,173
04/14/26 15:09:25 PM,Forrest,7 Iron,76.94852366,-1.167362809,-2.502817869,0.486531168,2.989349037,103.2251617,1.34148333,21.47208405,0.086477652,3993.911787,-424.4275866,4016.400146,Estimated,-6.065978527,26.16212285,150.3547886,2.474646091,6.491950555,164.0121465,2.644786835,7.568230068,,,1.133081436,27.77777863,98.65278625,55,967,178
04/14/26 15:09:54 PM,Forrest,7 Iron,75.64080539,-1.735551238,-0.920501769,4.634644032,5.5551458,95.62059015,1.264140296,19.15229416,3.691822052,4513.207947,243.2016812,4519.755859,Measured,3.084494591,19.28777935,131.1903299,2.568493366,5.879236899,145.1751912,2.468707085,6.253403042,,,1.133081436,27.77777863,98.65278625,55,982,175
04/14/26 15:10:22 PM,Forrest,7 Iron,73.43766064,1.046578407,-3.166452408,9.011725426,12.17817783,94.23655062,1.283218308,19.72847366,7.006227016,7932.571268,-1462.427526,8066.249512,Measured,-10.44560909,20.79452509,121.7230422,11.54147243,24.35404131,128.5107707,11.73963833,26.14742558,,,1.133081436,27.77777863,98.65278625,55,980,171
04/14/26 15:10:46 PM,Forrest,7 Iron,75.16102425,-1.281524897,-4.322178841,11.23526287,15.55744171,95.65681373,1.272691727,22.84214783,8.68807888,7443.439174,-597.4011007,7467.374023,Measured,-4.588651657,25.44365444,125.9248851,10.74861813,23.48502285,132.0360468,10.81950855,24.78523708,,,1.133081436,27.77777863,98.65278625,55,957,162
04/14/26 15:11:12 PM,Forrest,7 Iron,73.05139522,-5.172488213,-4.412547112,7.713322163,12.12586927,96.3422629,1.318828513,20.19729996,5.783768654,7060.35568,-1436.797736,7205.068359,Measured,-11.50274372,22.16149865,127.0158374,10.77197647,23.7393716,134.6365253,11.00546265,25.70248788,,,1.133081436,27.77777863,98.65278625,55,1013,152
04/14/26 15:11:39 PM,Forrest,7 Iron,71.25111729,-3.955812693,-6.305687904,-0.332938045,5.972749859,92.30450675,1.295481534,16.73900604,-1.062494636,3838.031253,-1828.610836,4251.388184,Estimated,-25.47523117,13.39645621,116.9036385,6.65905714,13.55634589,134.509135,7.64793539,17.90128592,,,1.133081436,27.77777863,98.65278625,55,965,182
04/14/26 15:12:41 PM,Forrest,7 Iron,75.35595747,-2.607640743,-2.912553072,-0.942399561,1.970153511,93.21048884,1.236935897,17.80492973,-1.138547421,1000.000012,577.3502953,1154.700562,Estimated,30,10.81633818,115.211554,-4.693356514,-9.426999573,167.1279849,-5.782351017,-16.83808553,,,1.133081436,27.77777863,98.65278625,55,991,152
04/14/26 15:13:08 PM,Forrest,7 Iron,73.97010037,-2.014640093,-3.718522549,1.354966998,5.073489547,87.05535549,1.176899248,20.5111084,0.647713125,3853.622573,283.196712,3864.014404,Estimated,4.203022003,16.25979084,115.1014768,-0.64193958,-1.289562961,130.7729408,-0.783846259,-1.789262003,,,1.133081436,27.77777863,98.65278625,55,958,167
04/14/26 15:13:32 PM,Forrest,7 Iron,75.66094382,-1.883634567,-5.797375679,2.189260244,7.986635923,99.86885267,1.31995251,16.73900795,1.072899818,7197.118345,-1275.802639,7309.321777,Estimated,-10.0521574,19.75334663,131.7982455,5.478079796,12.58207172,140.7387259,5.719334126,14.02536951,,,1.133081436,27.77777863,98.65278625,55,963,172
04/14/26 15:13:56 PM,Forrest,7 Iron,77.97812673,-6.789523125,-13.26977634,5.649316788,18.91909313,95.80883331,1.228662926,0.49999997,2.980069637,5118.401605,-1200.808685,5257.373535,Estimated,-13.20316601,0.098848594,44.03294415,4.487116814,3.444905756,119.0207883,5.564226627,11.54044479,,,1.133081436,27.77777863,98.65278625,55,922,197
04/14/26 15:15:00 PM,Forrest,6 Iron,77.00107985,-1.065282226,-7.774285793,0.504253089,8.278538883,100.4946545,1.305107081,16.66697121,-0.55856812,6045.706927,-549.3875893,6070.617676,Estimated,-5.192340851,19.53136276,135.6633152,1.61046195,3.812907274,146.9721215,1.756803155,4.505798085,,,1.133081436,27.77777863,98.65278625,55,984,173
04/14/26 15:15:30 PM,Forrest,6 Iron,75.75503127,-4.575472355,-9.552331924,1.47558856,11.02792048,94.13065318,1.242566356,16.85299873,0.016827328,2222.609516,-655.7633965,2317.330078,Measured,-16.4382782,12.84362831,124.3915045,3.834408522,8.31852519,155.0252922,4.568875313,12.34900544,,,1.133081436,27.77777863,98.65278625,55,990,169
04/14/26 15:15:58 PM,Forrest,6 Iron,78.52531189,-2.528199196,-3.50767684,-0.488573551,3.019103289,103.6118453,1.319470662,15.79529953,-0.840230465,5859.466851,-213.1991458,5863.344238,Estimated,-2.083811522,19.85262727,141.6508162,0.04423466,0.110729694,153.4674064,0.104678325,0.281497167,,,1.133081436,27.77777863,98.65278625,55,953,170
04/14/26 15:16:23 PM,Forrest,6 Iron,76.18850254,-0.708081663,-5.198223114,5.088673592,10.28689671,100.4265934,1.318133184,19.75434113,3.529513836,6749.620001,-2113.262113,7072.711426,Measured,-17.38499832,23.3241017,133.7302422,11.28470421,26.16888952,141.823529,11.65940571,28.66161447,,,1.133081436,27.77777863,98.65278625,55,959,174
04/14/26 15:16:58 PM,Forrest,6 Iron,75.72612067,-3.03274107,-7.897514343,0.271249563,8.168763906,98.11541794,1.295661485,17.80078125,-0.765381753,3505.881795,-1496.112256,3811.765869,Estimated,-23.1100502,16.93220043,133.0949095,6.761583328,15.67039393,150.4453669,7.595201015,19.88492748,,,1.133081436,27.77777863,98.65278625,55,956,181
04/14/26 15:17:30 PM,Forrest,6 Iron,80.25166214,-1.700612903,-4.812112808,5.342724323,10.15483713,104.4681384,1.301756694,17.60919571,3.786509752,5474.358356,-943.7491498,5555.111328,Estimated,-9.781332016,22.38640071,145.0167961,7.976342201,20.12318349,156.6118634,8.242215157,22.45167696,,,1.133081436,27.77777863,98.65278625,55,947,166
04/14/26 15:17:59 PM,Forrest,6 Iron,75.11657463,-2.148714066,-3.915473223,4.17523241,8.090705633,98.34752193,1.309265264,19.30604362,2.939699411,3036.21981,-1310.968037,3307.154053,Measured,-23.35354614,18.50210523,136.9627744,10.27270508,24.4250371,154.9788684,11.08651066,29.80099516,,,1.133081436,27.77777863,98.65278625,55,941,176
04/14/26 15:18:56 PM,Forrest,5 Iron,81.14923046,0.545015216,-6.244543552,4.08024025,10.3247838,109.8847032,1.354106533,15.55388832,2.570241213,3809.587959,-713.8440992,3875.891357,Estimated,-10.61306381,20.24044461,159.0342809,6.604260921,18.29071774,176.2281787,6.964466572,21.36838411,,,1.133081436,27.77777863,98.65278625,55,928,169
04/14/26 15:19:25 PM,Forrest,5 Iron,80.47722114,-0.399345219,-6.81107235,3.108384609,9.919456959,104.5746673,1.299431886,11.9693737,1.701048613,5803.155136,129.4659098,5804.599121,Estimated,1.278032303,14.84374642,138.3608633,1.189103007,2.871237336,152.7354046,1.143123269,3.047136317,,,1.133081436,27.77777863,98.65278625,55,923,186
04/14/26 15:22:46 PM,Forrest,5 Iron,78.70493649,0.475597143,-3.430284023,6.199821472,9.630105495,104.8664356,1.332399724,17.27947044,4.663452625,3403.323616,-861.3482595,3510.631348,Estimated,-14.20276833,19.71142624,150.7173686,9.624491692,25.19846906,168.3887713,10.10503292,29.54433106,,,1.133081436,27.77777863,98.65278625,55,892,179
04/14/26 15:23:12 PM,Forrest,5 Iron,78.18806138,-2.337365627,-7.040002346,-0.909144461,6.130857885,108.1289559,1.382934351,13.73288345,-1.627686262,3610.491516,138.4993022,3613.146973,Measured,2.196802378,16.49053551,152.9562934,-2.396044016,-6.39472401,172.5041244,-2.476227522,-7.452938562,,,1.133081436,27.77777863,98.65278625,55,919,172
04/14/26 15:23:42 PM,Forrest,5 Iron,78.22875637,-3.682922363,-5.912608624,0.606876731,6.519485354,103.7844982,1.326679639,15.43594456,-0.241324678,4100.811862,542.737599,4136.571289,Measured,7.539212704,17.68111469,144.8616383,-2.993036509,-7.563904427,161.9207868,-3.260327339,-9.208987254,,,1.133081436,27.77777863,98.65278625,55,923,176
04/14/26 15:24:11 PM,Forrest,5 Iron,80.37526604,-2.033632278,-1.8258394,3.447046757,5.272886157,105.8745435,1.31725279,15.76631737,2.603020906,3155.863176,400.9425265,3181.230469,Estimated,7.240459442,17.75955298,152.1789024,0.21306245,0.567147432,171.9447686,-0.048456643,-0.141581282,,,1.133081436,27.77777863,98.65278625,55,937,176
04/14/26 15:24:39 PM,Forrest,5 Iron,80.17493129,-0.963478267,-8.563274384,-1.305900931,7.257373452,108.6155295,1.354731807,13.89046288,-2.144193411,4306.859303,-975.2857654,4415.905273,Estimated,-12.75940228,17.60036313,151.5384301,2.751646042,7.27499696,168.3330861,3.209307909,9.423949983,,,1.133081436,27.77777863,98.65278625,55,891,174
04/14/26 15:25:10 PM,Forrest,5 Iron,80.37419086,-3.661563396,-3.900697231,1.989925742,5.890622973,111.5400569,1.387759624,14.01478577,1.146487594,3791.416877,1069.084167,3939.261719,Estimated,15.74711609,18.2087647,158.5398885,-4.736978531,-13.09258395,176.7031138,-5.310391426,-16.35408513,,,1.133081436,27.77777863,98.65278625,55,934,173
04/14/26 15:25:37 PM,Forrest,5 Iron,78.83428326,-4.682535172,-6.865023613,2.657006025,9.522029638,103.922054,1.318234272,13.10395813,1.32352531,4925.806398,-181.6011214,4929.152832,Estimated,-2.111383677,15.38724095,140.1801545,2.124951601,5.19780317,156.3581508,2.200426102,6.003503524,,,1.133081436,27.77777863,98.65278625,55,941,180
04/14/26 15:26:15 PM,Forrest,5 Iron,80.37649483,1.264829278,-8.419886589,1.139108419,9.558995008,106.30461,1.322583303,9.743829727,-0.117865659,4714.424906,-376.8943768,4729.466309,Estimated,-4.570785999,11.32222805,137.3164267,1.498024464,3.589777192,167.1716386,1.774867773,5.178064271,,,1.133081436,27.77777863,98.65278625,55,963,170
04/14/26 15:26:46 PM,Forrest,5 Iron,77.92665425,-0.218751058,-4.107656956,2.272222996,6.379879951,95.23143196,1.222064939,14.80160809,1.352476835,1692.22241,-305.8226016,1719.634888,Estimated,-10.24406338,9.880175548,118.392289,3.152190924,6.510259568,167.8193866,3.668050766,10.73636571,,,1.133081436,27.77777863,98.65278625,55,979,174
04/14/26 15:27:12 PM,Forrest,5 Iron,80.46469435,-1.644173145,-3.586763859,-1.039044976,2.547718883,113.4481138,1.409911698,13.39892292,-1.302296162,3342.118927,-224.9989514,3349.684082,Estimated,-3.851468801,17.72742799,165.1516502,0.062557258,0.177893757,185.4799593,0.203671768,0.660144873,,,1.133081436,27.77777863,98.65278625,55,943,164
04/14/26 15:28:22 PM,Forrest,4 Iron,80.87005714,-6.447191715,-8.401429176,0.038480438,8.439909615,100.6147854,1.244153757,13.72405624,-1.019636989,1886.803164,804.9819995,2051.346436,Estimated,23.10493851,10.18829157,126.4103081,-5.677821159,-12.50636179,176.3199584,-6.983396053,-21.43733781,,,1.133081436,27.77777863,98.65278625,55,948,185
04/14/26 15:28:49 PM,Forrest,4 Iron,75.56304202,-5.387900829,-3.624463558,-5.334571362,-1.710107803,85.80047501,1.135482012,10.40403175,-4.835455894,1220.926558,704.9023005,1409.804565,Estimated,30,3.613571087,71.6781753,-7.560499668,-9.430894997,129.2753959,-8.780736923,-19.73434614,,,1.133081436,27.77777863,98.65278625,55,1019,146
04/14/26 15:29:27 PM,Forrest,4 Iron,78.02694536,2.069854021,-5.869334698,6.376392841,12.24572754,92.39733981,1.184172203,7.286757946,4.50330162,1906.638048,-757.4987331,2051.602539,Measured,-21.66770172,2.733599551,74.69694412,7.113726139,9.250409115,137.3774352,8.313897133,19.86424992,,,1.133081436,27.77777863,98.65278625,55,946,185
04/14/26 15:29:58 PM,Forrest,4 Iron,77.71822145,-0.673440278,-6.287057877,-3.666402578,2.620655298,104.7314313,1.347578848,13.62895489,-3.798346996,2471.371762,-205.0215129,2479.861328,Measured,-4.742317677,12.86483464,143.1503134,-2.555505276,-6.38276605,183.2761611,-2.283876657,-7.303752696,,,1.133081436,27.77777863,98.65278625,55,1030,191
04/14/26 15:30:18 PM,Forrest,4 Iron,82.21305181,-3.445628405,-3.073515654,2.133799314,5.207314968,112.1621894,1.364286898,14.82828522,1.368171334,2912.952767,-672.4399778,2989.560059,Estimated,-12.99872684,18.31681447,164.4746495,5.674990177,16.26423173,185.3132206,6.136127472,19.80834772,,,1.133081436,27.77777863,98.65278625,55,972,175
04/14/26 15:30:43 PM,Forrest,4 Iron,78.24066024,1.900900245,-2.820954561,-5.127810955,-2.306856394,95.52721949,1.220940866,8.659985542,-4.565077782,1431.926161,826.7229823,1653.445923,Measured,30,3.529848157,81.77488009,-7.806225777,-11.10694931,147.325073,-9.266498566,-23.7232726,,,1.133081436,27.77777863,98.65278625,55,957,164
04/14/26 15:31:18 PM,Forrest,4 Iron,76.69487324,-2.752119541,-11.22976685,-3.345565081,7.884201765,107.5228744,1.401956478,12.12640476,-4.153270245,4377.652463,-59.16404035,4378.052246,Measured,-0.774306178,14.89902493,146.960307,-3.867410183,-9.912078391,165.2845473,-3.833387375,-11.05021692,,,1.133081436,27.77777863,98.65278625,55,947,180
04/14/26 15:31:39 PM,Forrest,4 Iron,79.97627757,-4.593915939,-10.84707451,6.107388973,16.95446348,98.01007515,1.225489334,10.81528759,3.659486294,3958.692428,-406.3138672,3979.489502,Estimated,-5.860226154,9.224326984,120.0670939,5.371040821,11.23889414,157.5254889,5.759085178,15.80704456,,,1.133081436,27.77777863,98.65278625,55,1001,180
04/14/26 15:32:05 PM,Forrest,4 Iron,81.32650842,-2.69368577,-7.016764164,3.379656076,10.39642024,112.840667,1.387501679,15.44237709,1.898139834,3266.814113,-337.7823701,3284.230713,Estimated,-5.903296471,20.68770392,168.2102514,4.039293766,11.84896861,187.0839853,4.237620831,13.82419669,,,1.133081436,27.77777863,98.65278625,55,950,183
04/14/26 15:32:28 PM,Forrest,4 Iron,77.97009695,-5.183104515,-6.546020508,2.609294653,9.155315161,106.180989,1.361816814,13.46138477,1.324250102,4098.859308,-90.90283474,4099.867188,Estimated,-1.270474195,15.96185924,147.1607372,1.784105778,4.581901212,165.4775016,1.830452323,5.28580533,,,1.133081436,27.77777863,98.65278625,55,963,162
04/14/26 15:33:01 PM,Forrest,4 Iron,78.23146994,-6.885523796,-1.185102701,-4.446070194,-3.260967493,91.39765426,1.1682978,7.793439865,-3.800391436,1000.000023,243.4622167,1029.210327,Estimated,13.68315125,2.255052216,63.61198439,-4.573717594,-5.072533225,137.0203286,-4.979135513,-11.89239607,,,1.133081436,27.77777863,98.65278625,55,986,157
04/14/26 15:33:24 PM,Forrest,4 Iron,80.27583679,-0.508769274,-0.798889816,9.435314178,10.23420399,93.49060082,1.164616958,10.45270252,7.650418282,2418.105605,-657.6838085,2505.949463,Estimated,-15.21542358,6.023980312,100.5617403,10.53659248,18.38906806,148.7522645,11.46727848,29.57315615,,,1.133081436,27.77777863,98.65278625,55,975,166
04/14/26 15:34:18 PM,Forrest,3 Hybrid,80.07047596,-1.282127023,-10.1674366,2.40720582,12.57464242,107.6496612,1.344436384,13.23417282,0.705112755,4523.538135,-1854.709576,4889.002441,Estimated,-22.29426765,15.69475519,143.9562897,9.105628014,22.78182325,160.4001301,9.938915253,27.68472563,,,1.133081436,27.77777863,98.65278625,55,969,180
04/14/26 15:34:47 PM,Forrest,3 Hybrid,80.14506496,-3.214993954,-6.116979599,1.697186232,7.814165831,112.7600876,1.406949856,11.64462757,0.628708005,5109.931676,-1655.727081,5371.483398,Measured,-17.95343208,16.45286202,152.7102236,8.038612366,21.35503851,168.1914116,8.68572998,25.39944164,,,1.133081436,27.77777863,98.65278625,55,965,170
04/14/26 15:35:14 PM,Forrest,3 Hybrid,80.07898359,-2.838657141,-4.923258781,6.55244112,11.4756999,111.3881226,1.390978227,14.96196556,4.766291618,4582.800183,-1198.687795,4736.972656,Estimated,-14.65802956,20.80632922,158.0362014,10.84895992,29.74568118,172.8286074,11.3203373,33.92521745,,,1.133081436,27.77777863,98.65278625,55,1008,151
04/14/26 15:35:39 PM,Forrest,3 Hybrid,78.0992304,-1.881301284,-11.8161335,1.880647421,13.69678092,111.3758604,1.426081407,10.90922832,0.066289224,4965.044948,538.3565454,4994.146484,Estimated,6.18836689,15.28109352,151.8640312,-2.409078598,-6.383488294,168.8920413,-2.642417431,-7.786325824,,,1.133081436,27.77777863,98.65278625,55,984,164
04/14/26 15:36:04 PM,Forrest,3 Hybrid,80.55987405,-2.291159153,-5.453467846,2.158679485,7.612147331,114.5527326,1.421957692,10.7135191,1.090812325,4921.310871,1970.03722,5300.976074,Measured,21.81659126,15.11667639,152.907767,-7.706832886,-20.50558165,169.6037514,-8.551525116,-25.2199184,,,1.133081436,27.77777863,98.65278625,55,949,166
04/14/26 15:36:34 PM,Forrest,3 Hybrid,77.78890224,-1.133684158,-7.63984108,-2.252173185,5.387667894,107.3800109,1.380402703,7.877976418,-2.805936575,4223.126811,-418.5422646,4243.816406,Measured,-5.659941196,8.495442613,132.4248841,-1.009300232,-2.332909326,174.2489739,-0.58013463,-1.764683809,,,1.133081436,27.77777863,98.65278625,55,1007,162
04/14/26 15:36:54 PM,Forrest,3 Hybrid,78.26594421,-1.824693441,-0.029464247,6.071300983,6.10076523,92.77822929,1.18542273,8.873288155,4.983417511,1480.522236,-60.34327633,1481.751465,Estimated,-2.333975315,3.569629455,81.16698122,5.228059292,7.395935006,144.9577734,5.328956127,13.46286197,,,1.133081436,27.77777863,98.65278625,55,998,146
04/14/26 15:37:19 PM,Forrest,3 Hybrid,75.60266183,-4.064869881,-7.428956509,-0.371040255,7.057916254,110.4681375,1.461167303,13.22448349,-1.234343886,3231.622642,-518.3117622,3272.924072,Estimated,-9.11192131,15.84944576,156.8650586,1.803742409,4.937507512,179.5848137,2.172317505,6.807336474,,,1.133081436,27.77777863,98.65278625,55,953,158
04/14/26 15:37:46 PM,Forrest,3 Hybrid,80.84263133,-1.57429409,-6.459228039,1.326309562,7.785537601,110.8421577,1.371085477,11.0714159,0.281236947,3742.38734,-1339.156274,3974.770752,Estimated,-19.68897438,12.97616137,147.7557702,6.981710434,17.96010629,177.1052258,8.072607994,24.87049002,,,1.133081436,27.77777863,98.65278625,55,922,177
04/14/26 15:38:11 PM,Forrest,3 Hybrid,80.05561106,-3.639471531,-5.240686417,-4.519618511,0.721067905,116.8391532,1.459474878,12.30712986,-4.36826849,2150.805742,324.3507742,2175.125,Measured,8.575829506,13.75496765,166.1759954,-6.570860863,-19.01585061,216.2364983,-7.060053349,-26.57754294,,,1.133081436,27.77777863,98.65278625,55,963,160
04/14/26 15:38:47 PM,Forrest,3 Hybrid,80.6599945,-1.041252494,-4.139077663,5.828907013,9.967984676,114.6749968,1.421708463,10.16418362,4.270086288,8474.760556,-1027.018745,8536.763672,Measured,-6.90972805,18.58967352,151.2577343,7.74105978,20.37387565,160.3099524,7.910756588,22.06358845,,,1.133081436,27.77777863,98.65278625,55,956,163
04/14/26 15:39:11 PM,Forrest,3 Hybrid,80.35691959,-1.471578598,-3.913976431,-0.189036772,3.724939659,107.0853157,1.332620964,15.22133541,-0.645023227,1642.074442,-264.9528234,1663.3125,Estimated,-9.165819168,13.48808054,148.6410274,1.172531009,3.041576864,200.2391578,1.633985758,5.710287625,,,1.133081436,27.77777863,98.65278625,55,981,154
04/14/26 15:39:37 PM,Forrest,3 Hybrid,80.27729597,-3.496224165,-1.582765222,5.695317745,7.278082967,103.8444442,1.293571774,13.96112347,4.480216503,2216.925613,-115.0264696,2219.907715,Estimated,-2.9701612,12.47193396,140.9788718,5.194898129,12.76482081,185.896973,5.352255344,17.34016759,,,1.133081436,27.77777863,98.65278625,55,997,160
04/14/26 15:40:02 PM,Forrest,3 Hybrid,82.13772041,1.658281922,-4.373192787,5.253191471,9.626384258,117.2807993,1.427855542,3.65323925,3.767885923,3537.723091,-150.7745536,3540.93457,Estimated,-2.44041729,4.107207322,127.7062796,4.403754711,9.805861084,184.2263149,4.602449894,14.78269517,,,1.133081436,27.77777863,98.65278625,55,991,174
04/14/26 15:40:26 PM,Forrest,3 Hybrid,80.83891084,-2.895935297,-5.649717808,2.763437748,8.413155556,112.9606784,1.397355274,13.00160503,1.563018322,4221.382223,-948.2425447,4326.572754,Measured,-12.66011906,18.05075129,159.7796658,6.54313755,18.20717941,177.1900136,6.999724865,21.59325905,,,1.133081436,27.77777863,98.65278625,55,964,167
04/14/26 15:40:49 PM,Forrest,3 Hybrid,80.77161774,-2.363840103,-0.595616758,-5.021486759,-4.425870001,97.87302286,1.211725425,10.01216888,-4.199291229,1854.087641,1070.458035,2140.916016,Measured,30,5.43295744,99.90810172,-8.985331535,-15.60380878,155.8719185,-10.72104359,-28.99643527,,,1.133081436,27.77777863,98.65278625,55,977,143
04/14/26 15:41:15 PM,Forrest,3 Hybrid,80.31596859,-3.283117056,-4.224205494,3.178042173,7.402247667,112.5275484,1.401060716,15.20107555,2.081953764,2741.921459,109.9609391,2744.125488,Measured,2.296536684,18.94903497,168.1933473,1.339690924,3.932537198,189.4374178,1.259276628,4.162896759,,,1.133081436,27.77777863,98.65278625,55,966,155
04/14/26 15:41:44 PM,Forrest,3 Hybrid,78.67684508,-1.439700723,-3.808713913,6.083062649,9.891776562,103.3787344,1.313966444,15.19186687,4.5201931,2953.895298,-201.9339839,2960.789551,Estimated,-3.910765409,15.56300748,145.2962237,5.707499027,14.44973395,166.9140546,5.849049568,17.0098805,,,1.133081436,27.77777863,98.65278625,55,968,163
04/14/26 15:43:24 PM,Forrest,3 Wood,78.33436369,-6.777664185,-0.263702482,3.65755415,3.921256632,98.82952171,1.261636874,8.855367661,2.971401691,1266.767734,-583.8411994,1394.83728,Measured,-24.74452591,3.808242152,87.00331266,5.387943268,8.169492638,156.6184215,6.468569279,17.64433396,,,1.133081436,27.77777863,98.65278625,55,996,143
04/14/26 15:43:51 PM,Forrest,3 Wood,78.70786339,-5.044376373,-1.758646011,9.905713081,11.66435909,94.90798822,1.205826002,7.748920918,7.916723251,1711.922113,-634.7037779,1825.794678,Estimated,-20.34251595,3.132562387,80.40213066,10.31297588,14.39399237,144.6109628,11.37708759,28.52672956,,,1.133081436,27.77777863,98.65278625,55,963,150
04/14/26 15:44:20 PM,Forrest,3 Wood,80.86343535,-1.493955731,-3.649343491,-1.474476337,2.174867153,116.6291929,1.44229827,13.51136208,-1.667799711,2282.179983,41.14112711,2282.550781,Estimated,1.032765865,16.27011815,172.4199874,-1.957847476,-5.890629058,206.9647431,-2.002227306,-7.231152844,,,1.133081436,27.77777863,98.65278625,55,976,177
04/14/26 15:44:50 PM,Forrest,3 Wood,80.38640192,-1.314589739,-4.160552025,5.019138813,9.179690838,114.6922083,1.426761312,11.10283947,3.602237225,2818.847913,158.4786279,2823.299316,Estimated,3.217842102,13.1966872,160.519377,2.631282568,7.369161398,203.2987936,2.425838232,8.605170495,,,1.133081436,27.77777863,98.65278625,55,975,170
04/14/26 15:45:22 PM,Forrest,3 Wood,81.27749352,-2.306300402,-1.892567992,11.10181904,12.99438703,108.3020611,1.332497552,12.22407722,8.882473946,3238.037541,-689.5553381,3310.645508,Measured,-12.02182388,13.40766481,147.7697875,12.67256451,32.41759355,178.0634896,13.28445053,40.91640489,,,1.133081436,27.77777863,98.65278625,55,980,152
04/14/26 15:45:44 PM,Forrest,3 Wood,78.39662217,-3.17623353,-2.274259329,2.873012304,5.147271633,107.4347943,1.370400807,11.30396748,2.075386047,2361.152062,-35.40421206,2361.41748,Measured,-0.859055161,10.20232866,140.1351824,2.282161951,5.580564277,190.5999666,2.33128953,7.753381072,,,1.133081436,27.77777863,98.65278625,55,988,150
04/14/26 15:46:10 PM,Forrest,3 Wood,79.06352862,-6.829467297,-1.099470258,4.427135944,5.526606202,116.3123795,1.471125581,10.82137489,3.498976469,3555.60856,-188.3728088,3560.594971,Estimated,-3.032641411,15.03125658,164.783213,4.579624176,13.15708112,189.6309062,4.710437775,15.57255152,,,1.133081436,27.77777863,98.65278625,55,977,144
04/14/26 15:46:33 PM,Forrest,3 Wood,80.36590509,-0.317591578,-4.377132416,-1.209159732,3.167972684,112.569532,1.400712551,10.17710304,-1.540928721,1548.161835,-241.9078949,1566.94751,Measured,-8.880933762,7.539331447,132.6831773,-0.167858794,-0.390696403,198.5761925,0.290066361,1.004211893,,,1.133081436,27.77777863,98.65278625,55,972,167
04/14/26 15:47:09 PM,Forrest,3 Wood,81.22631971,-3.85362792,-4.168985844,1.99399972,6.162985563,116.5639137,1.435051029,11.41057682,1.116264105,2342.946162,182.0281968,2350.006592,Measured,4.442500114,12.90797424,163.7573659,-0.074018747,-0.214139189,211.3979376,-0.33861962,-1.249850758,,,1.133081436,27.77777863,98.65278625,55,961,151
04/14/26 15:47:42 PM,Forrest,3 Wood,79.79067971,-5.78316021,-0.895798445,3.220638037,4.116436481,117.3275955,1.470442362,9.935835838,2.533416748,4160.78155,11.82006441,4160.79834,Estimated,0.162767008,15.11353919,164.5266469,2.47060895,7.09219729,186.9191489,2.460924625,8.025901165,,,1.133081436,27.77777863,98.65278625,55,989,148
04/14/26 15:49:10 PM,Forrest,Driver,87.81888376,-1.993438363,-6.627528191,2.154191017,8.781719208,125.7978553,1.432469304,14.59178638,0.940218687,2824.688523,-633.6589378,2894.890137,Estimated,-12.64377308,23.85024986,197.4144614,5.62092638,19.33614727,217.545077,6.028053761,22.84562267,,,1.133081436,27.77777863,98.65278625,55,985,186
04/14/26 15:49:38 PM,Forrest,Driver,86.92679377,-0.224504679,-4.806529045,-0.067425452,4.739103593,123.4956482,1.420685647,14.15562725,-0.656811357,4486.071419,-886.2720722,4572.779785,Estimated,-11.17549133,25.90998099,183.8398722,4.496274471,14.41202604,198.2820469,4.82742691,16.68629646,,,1.133081436,27.77777863,98.65278625,55,1015,180
04/14/26 15:50:07 PM,Forrest,Driver,85.5756584,-1.597352862,-5.985068798,5.338675022,11.32374382,118.7782967,1.387991619,15.5691061,3.636415243,2554.559608,-864.85012,2696.987305,Estimated,-18.70360947,21.20621559,181.1624239,9.833173752,30.93894909,202.223202,10.45298862,36.68910979,,,1.133081436,27.77777863,98.65278625,55,1032,173
04/14/26 15:50:36 PM,Forrest,Driver,85.52436512,-2.505769491,-7.558881283,1.536464095,9.095345378,119.7045452,1.399654298,16.44724083,0.316266358,2708.113483,-1133.997039,2935.954346,Estimated,-22.72103882,23.37564227,182.9899919,8.357124329,26.5962222,202.3547807,9.098439217,31.99866705,,,1.133081436,27.77777863,98.65278625,55,1041,176
04/14/26 15:51:01 PM,Forrest,Driver,86.23642092,3.901854992,-6.258808613,8.098670006,14.35747862,115.5057157,1.339407579,16.71669388,5.869285583,4615.827391,-1707.157458,4921.407227,Measured,-20.29684448,25.31838971,166.1687532,14.88744736,42.69222169,179.3545134,15.47017384,47.84043877,,,1.133081436,27.77777863,98.65278625,55,976,199
04/14/26 15:51:30 PM,Forrest,Driver,86.00035751,-5.014452934,-9.448989868,-8.20562458,1.243365288,120.8492958,1.405218528,12.16823196,-7.922610283,1822.598622,-169.4451958,1830.458252,Measured,-5.31146431,13.36330183,171.7795818,-6.735369682,-20.14694192,228.0176615,-6.424647808,-25.51439992,,,1.133081436,27.77777863,98.65278625,55,1044,185
04/14/26 15:51:55 PM,Forrest,Driver,83.87999367,-2.08007431,-4.725280285,-3.954175234,0.771105051,108.1125465,1.288895501,20.41105652,-3.839309216,3239.579796,-971.9524491,3382.243164,Measured,-16.70051765,25.84831753,161.8206467,2.383677244,6.730246194,177.6801841,2.888188839,8.952861316,,,1.133081436,27.77777863,98.65278625,55,1055,176
04/14/26 15:52:21 PM,Forrest,Driver,,,,,,12.8439075,,,-8.346387863,2361.418457,0,2361.418457,Estimated,0,0.007093113,0.076869899,-8.345579147,-0.011157246,6.870438689,-8.533983231,-1.019546473,,,1.133081436,27.77777863,98.65278625,55,654,654
04/14/26 15:52:27 PM,Forrest,Driver,88.40972495,0.811733603,-6.417206764,-9.269574165,-2.852367401,126.5903454,1.431859961,12.63633823,-8.417204857,2022.174716,299.5130846,2044.235474,Measured,8.425073624,16.90021728,191.5449474,-10.66957378,-35.46356671,237.4161228,-11.08528423,-45.64805047,,,1.133081436,27.77777863,98.65278625,55,1042,175
04/14/26 15:52:50 PM,Forrest,Driver,87.69560411,0.03925354,1.309643149,3.485955238,2.176312089,121.4627842,1.38504986,17.09330368,3.027314425,2958.508517,-1708.095746,3416.191406,Estimated,-30,25.15326963,182.1511419,14.49601841,45.59472645,199.457061,15.47200584,53.2086769,,,1.133081436,27.77777863,98.65278625,55,982,169
04/14/26 15:53:15 PM,Forrest,Driver,82.98830474,-0.622205198,-8.620519638,-10.22681236,-1.606292725,116.5877897,1.40487012,13.23585892,-9.479195595,2621.894042,-151.5237117,2626.268799,Measured,-3.30754137,16.90655634,172.5293555,-8.449895859,-25.35218134,201.4512343,-8.297087669,-29.07061207,,,1.133081436,27.77777863,98.65278625,55,1050,193
04/14/26 15:53:37 PM,Forrest,Driver,84.68380734,-1.080951452,-3.135669708,-1.027579069,2.108090639,122.3004321,1.444200916,13.03182602,-1.236433744,2103.341654,-163.9086903,2109.718506,Estimated,-4.455925941,16.65419546,183.7464071,-0.01978234,-0.086819485,225.1339424,0.190774083,0.753234615,,,1.133081436,27.77777863,98.65278625,55,986,165
04/14/26 15:53:57 PM,Forrest,Driver,87.30105292,-2.087964535,-5.164482117,2.673070908,7.837553024,124.8458023,1.43006067,13.05746555,1.549504876,3369.280826,-1452.350918,3668.974854,Estimated,-23.31877899,20.97187691,184.3101516,10.71876621,34.27956856,203.2494162,11.55053329,40.69707637,,,1.133081436,27.77777863,98.65278625,55,1030,175
04/14/26 15:54:24 PM,Forrest,Driver,87.83415825,-4.239321709,-7.118635654,0.295928359,7.414564013,118.9647308,1.354424442,15.15680695,-0.647651255,2886.654204,-1666.610638,3333.221191,Estimated,-30,20.32817977,173.0449573,9.957990646,29.92400711,192.6113778,11.03688526,36.8737122,,,1.133081436,27.77777863,98.65278625,55,1125,180
04/14/26 15:54:49 PM,Forrest,Driver,86.26823282,-3.192650557,-4.926819801,-1.340373755,3.586446047,115.4666762,1.338461128,14.39697552,-1.717491627,4796.799768,-2091.981336,5233.132324,Estimated,-23.56298828,21.16139788,161.0605604,8.474750519,23.7360863,175.1106187,9.246753693,28.13795479,,,1.133081436,27.77777863,98.65278625,55,1049,170
04/14/26 15:55:13 PM,Forrest,Driver,79.76801544,-4.409002781,-4.35041666,-7.576656818,-3.226240158,105.7925562,1.326252829,18.44778061,-6.767992496,3130.489965,-707.7966593,3209.508301,Estimated,-12.74023342,21.58058094,155.8411139,-2.361154318,-6.420505249,173.7710852,-1.935427785,-5.869000852,,,1.133081436,27.77777863,98.65278625,55,1049,184
04/14/26 15:55:42 PM,Forrest,Driver,86.34978495,-1.580881596,-4.992096424,-0.853582859,4.138513565,119.2693673,1.381235256,16.67072487,-1.325798392,2819.346228,-1495.803518,3191.573486,Estimated,-27.94817543,23.28865386,178.692381,8.789568901,27.30530614,197.3426396,9.728618622,33.34731178,,,1.133081436,27.77777863,98.65278625,55,1017,174
